[
{
    "model": "editable_messages.tgimagemessage",
    "pk": 19,
    "fields": {
        "protect_content": false,
        "series": 107,
        "message_order": 0,
        "image": "picture_1_y5PZmzp_NLvdRoo_ENzRaJP.png",
        "has_spoiler": false
    }
},
{
    "model": "editable_messages.tgimagemessage",
    "pk": 20,
    "fields": {
        "protect_content": false,
        "series": 107,
        "message_order": 0,
        "image": "picture_2_RIJfH2m_PXEBtYA_3Kxz9MR.png",
        "has_spoiler": false
    }
}
]
