[
{
    "model": "editable_messages.tginlinebutton",
    "pk": 191,
    "fields": {
        "text": "Купить первое",
        "callback_data": "buy_first",
        "url": "",
        "series": 93,
        "message_number": 1,
        "row": 1,
        "position_in_row": 1
    }
},
{
    "model": "editable_messages.tginlinebutton",
    "pk": 192,
    "fields": {
        "text": "Ссылка на товар",
        "callback_data": "",
        "url": "https://docs.python.org/3/",
        "series": 93,
        "message_number": 1,
        "row": 2,
        "position_in_row": 1
    }
},
{
    "model": "editable_messages.tginlinebutton",
    "pk": 193,
    "fields": {
        "text": "Купить второе",
        "callback_data": "buy_second",
        "url": "",
        "series": 93,
        "message_number": 1,
        "row": 1,
        "position_in_row": 2
    }
},
{
    "model": "editable_messages.tginlinebutton",
    "pk": 194,
    "fields": {
        "text": "Ссылка на товар",
        "callback_data": "",
        "url": "https://translate.yandex.ru/",
        "series": 93,
        "message_number": 1,
        "row": 2,
        "position_in_row": 2
    }
},
{
    "model": "editable_messages.tginlinebutton",
    "pk": 195,
    "fields": {
        "text": "Купить третье",
        "callback_data": "buy_third",
        "url": "",
        "series": 93,
        "message_number": 1,
        "row": 1,
        "position_in_row": 3
    }
},
{
    "model": "editable_messages.tginlinebutton",
    "pk": 196,
    "fields": {
        "text": "Ссылка на товар",
        "callback_data": "",
        "url": "https://pypi.org/",
        "series": 93,
        "message_number": 1,
        "row": 2,
        "position_in_row": 3
    }
},
{
    "model": "editable_messages.tginlinebutton",
    "pk": 190,
    "fields": {
        "text": "Отправить сообщение только для русского",
        "callback_data": "ru",
        "url": "",
        "series": 96,
        "message_number": 0,
        "row": 1,
        "position_in_row": 1
    }
},
{
    "model": "editable_messages.tginlinebutton",
    "pk": 189,
    "fields": {
        "text": "Send only-english message",
        "callback_data": "en",
        "url": "",
        "series": 95,
        "message_number": 1,
        "row": 1,
        "position_in_row": 1
    }
},
{
    "model": "editable_messages.tginlinebutton",
    "pk": 197,
    "fields": {
        "text": "Купить 1",
        "callback_data": "buy_first",
        "url": "",
        "series": 94,
        "message_number": 0,
        "row": 1,
        "position_in_row": 1
    }
},
{
    "model": "editable_messages.tginlinebutton",
    "pk": 198,
    "fields": {
        "text": "Купить 2",
        "callback_data": "buy_second",
        "url": "",
        "series": 94,
        "message_number": 0,
        "row": 1,
        "position_in_row": 2
    }
},
{
    "model": "editable_messages.tginlinebutton",
    "pk": 199,
    "fields": {
        "text": "Купить 3",
        "callback_data": "buy_third",
        "url": "",
        "series": 94,
        "message_number": 0,
        "row": 1,
        "position_in_row": 3
    }
},
{
    "model": "editable_messages.tginlinebutton",
    "pk": 200,
    "fields": {
        "text": "Товар 1",
        "callback_data": "",
        "url": "https://pypi.org/",
        "series": 94,
        "message_number": 0,
        "row": 2,
        "position_in_row": 1
    }
},
{
    "model": "editable_messages.tginlinebutton",
    "pk": 201,
    "fields": {
        "text": "Товар 2",
        "callback_data": "",
        "url": "https://translate.yandex.ru/",
        "series": 94,
        "message_number": 0,
        "row": 2,
        "position_in_row": 2
    }
},
{
    "model": "editable_messages.tginlinebutton",
    "pk": 202,
    "fields": {
        "text": "Товар 3",
        "callback_data": "",
        "url": "https://docs.python.org/3/",
        "series": 94,
        "message_number": 0,
        "row": 2,
        "position_in_row": 3
    }
},
{
    "model": "editable_messages.tginlinebutton",
    "pk": 203,
    "fields": {
        "text": "Обратно к приветствию",
        "callback_data": "welcome",
        "url": "",
        "series": 104,
        "message_number": 2,
        "row": 1,
        "position_in_row": 1
    }
},
{
    "model": "editable_messages.tginlinebutton",
    "pk": 204,
    "fields": {
        "text": "Запустить вторую рассылку",
        "callback_data": "trigger_second_mailing",
        "url": "",
        "series": 104,
        "message_number": 2,
        "row": 1,
        "position_in_row": 2
    }
},
{
    "model": "editable_messages.tginlinebutton",
    "pk": 205,
    "fields": {
        "text": "Switch to english",
        "callback_data": "lang_en",
        "url": "",
        "series": 104,
        "message_number": 1,
        "row": 1,
        "position_in_row": 1
    }
},
{
    "model": "editable_messages.tginlinebutton",
    "pk": 207,
    "fields": {
        "text": "Back to welcome message",
        "callback_data": "welcome",
        "url": "",
        "series": 103,
        "message_number": 2,
        "row": 1,
        "position_in_row": 1
    }
},
{
    "model": "editable_messages.tginlinebutton",
    "pk": 208,
    "fields": {
        "text": "Trigger second mailing",
        "callback_data": "trigger_second_mailing",
        "url": "",
        "series": 103,
        "message_number": 2,
        "row": 1,
        "position_in_row": 2
    }
},
{
    "model": "editable_messages.tginlinebutton",
    "pk": 210,
    "fields": {
        "text": "Переключиться на русский",
        "callback_data": "lang_ru",
        "url": "",
        "series": 103,
        "message_number": 1,
        "row": 2,
        "position_in_row": 1
    }
}
]
