[
{
    "model": "editable_messages.tgmessageseries",
    "pk": 91,
    "fields": {
        "namespace": "/first-trigger-mailing/",
        "name": "choice",
        "language_code": "en",
        "draft": false,
        "disable_notification": false
    }
},
{
    "model": "editable_messages.tgmessageseries",
    "pk": 92,
    "fields": {
        "namespace": "/first-trigger-mailing/",
        "name": "choice",
        "language_code": "ru",
        "draft": false,
        "disable_notification": false
    }
},
{
    "model": "editable_messages.tgmessageseries",
    "pk": 93,
    "fields": {
        "namespace": "/first-trigger-mailing/",
        "name": "mailing",
        "language_code": "en",
        "draft": false,
        "disable_notification": false
    }
},
{
    "model": "editable_messages.tgmessageseries",
    "pk": 94,
    "fields": {
        "namespace": "/first-trigger-mailing/",
        "name": "mailing",
        "language_code": "ru",
        "draft": false,
        "disable_notification": false
    }
},
{
    "model": "editable_messages.tgmessageseries",
    "pk": 95,
    "fields": {
        "namespace": "/language/change/",
        "name": "change_lang",
        "language_code": "en",
        "draft": false,
        "disable_notification": false
    }
},
{
    "model": "editable_messages.tgmessageseries",
    "pk": 96,
    "fields": {
        "namespace": "/language/change/",
        "name": "change_lang",
        "language_code": "ru",
        "draft": false,
        "disable_notification": false
    }
},
{
    "model": "editable_messages.tgmessageseries",
    "pk": 97,
    "fields": {
        "namespace": "/language/message/",
        "name": "only_en",
        "language_code": "en",
        "draft": false,
        "disable_notification": false
    }
},
{
    "model": "editable_messages.tgmessageseries",
    "pk": 98,
    "fields": {
        "namespace": "/language/message/",
        "name": "only_ru",
        "language_code": "ru",
        "draft": false,
        "disable_notification": false
    }
},
{
    "model": "editable_messages.tgmessageseries",
    "pk": 99,
    "fields": {
        "namespace": "/main-menu/",
        "name": "echo",
        "language_code": "en",
        "draft": false,
        "disable_notification": false
    }
},
{
    "model": "editable_messages.tgmessageseries",
    "pk": 100,
    "fields": {
        "namespace": "/main-menu/",
        "name": "echo",
        "language_code": "ru",
        "draft": false,
        "disable_notification": false
    }
},
{
    "model": "editable_messages.tgmessageseries",
    "pk": 101,
    "fields": {
        "namespace": "/main-menu/",
        "name": "second-trigger-mailing",
        "language_code": "en",
        "draft": false,
        "disable_notification": false
    }
},
{
    "model": "editable_messages.tgmessageseries",
    "pk": 102,
    "fields": {
        "namespace": "/main-menu/",
        "name": "second-trigger-mailing",
        "language_code": "ru",
        "draft": false,
        "disable_notification": false
    }
},
{
    "model": "editable_messages.tgmessageseries",
    "pk": 103,
    "fields": {
        "namespace": "/main-menu/",
        "name": "welcome",
        "language_code": "en",
        "draft": false,
        "disable_notification": false
    }
},
{
    "model": "editable_messages.tgmessageseries",
    "pk": 104,
    "fields": {
        "namespace": "/main-menu/",
        "name": "welcome",
        "language_code": "ru",
        "draft": false,
        "disable_notification": false
    }
},
{
    "model": "editable_messages.tgmessageseries",
    "pk": 105,
    "fields": {
        "namespace": "/second-trigger-mailing/",
        "name": "mailing",
        "language_code": "en",
        "draft": false,
        "disable_notification": false
    }
},
{
    "model": "editable_messages.tgmessageseries",
    "pk": 106,
    "fields": {
        "namespace": "/second-trigger-mailing/",
        "name": "mailing",
        "language_code": "ru",
        "draft": false,
        "disable_notification": false
    }
},
{
    "model": "editable_messages.tgmessageseries",
    "pk": 107,
    "fields": {
        "namespace": "/welcome/",
        "name": "echo",
        "language_code": "en",
        "draft": false,
        "disable_notification": false
    }
},
{
    "model": "editable_messages.tgmessageseries",
    "pk": 108,
    "fields": {
        "namespace": "/welcome/",
        "name": "echo",
        "language_code": "ru",
        "draft": false,
        "disable_notification": false
    }
},
{
    "model": "editable_messages.tgmessageseries",
    "pk": 109,
    "fields": {
        "namespace": "/welcome/",
        "name": "welcome",
        "language_code": "en",
        "draft": false,
        "disable_notification": false
    }
},
{
    "model": "editable_messages.tgmessageseries",
    "pk": 110,
    "fields": {
        "namespace": "/welcome/",
        "name": "welcome",
        "language_code": "ru",
        "draft": false,
        "disable_notification": false
    }
}
]
