[
{
    "model": "editable_messages.tgtextmessage",
    "pk": 246,
    "fields": {
        "protect_content": false,
        "series": 93,
        "message_order": 1,
        "text": "*📨 1️⃣ It's a first mailing message!*\r\n\r\nSelect an appropriate option:",
        "disable_web_page_preview": false,
        "parse_mode": "Markdown"
    }
},
{
    "model": "editable_messages.tgtextmessage",
    "pk": 231,
    "fields": {
        "protect_content": false,
        "series": 95,
        "message_order": 1,
        "text": "Switching to english (en)",
        "disable_web_page_preview": false,
        "parse_mode": ""
    }
},
{
    "model": "editable_messages.tgtextmessage",
    "pk": 232,
    "fields": {
        "protect_content": false,
        "series": 96,
        "message_order": 0,
        "text": "Переключились на русский (ru)",
        "disable_web_page_preview": false,
        "parse_mode": ""
    }
},
{
    "model": "editable_messages.tgtextmessage",
    "pk": 233,
    "fields": {
        "protect_content": false,
        "series": 97,
        "message_order": 0,
        "text": "This message is works only for English.",
        "disable_web_page_preview": false,
        "parse_mode": ""
    }
},
{
    "model": "editable_messages.tgtextmessage",
    "pk": 234,
    "fields": {
        "protect_content": false,
        "series": 98,
        "message_order": 0,
        "text": "Это сообщение работает только для русского языка.",
        "disable_web_page_preview": false,
        "parse_mode": ""
    }
},
{
    "model": "editable_messages.tgtextmessage",
    "pk": 235,
    "fields": {
        "protect_content": false,
        "series": 101,
        "message_order": 0,
        "text": "Second mailing was triggered. Wait for a minute...",
        "disable_web_page_preview": false,
        "parse_mode": ""
    }
},
{
    "model": "editable_messages.tgtextmessage",
    "pk": 236,
    "fields": {
        "protect_content": false,
        "series": 109,
        "message_order": 0,
        "text": "Welcome!",
        "disable_web_page_preview": false,
        "parse_mode": ""
    }
},
{
    "model": "editable_messages.tgtextmessage",
    "pk": 237,
    "fields": {
        "protect_content": false,
        "series": 105,
        "message_order": 0,
        "text": "*📨 2️⃣ It's a second mailing message!*\r\n\r\nEnter /start to return to Main Menu.",
        "disable_web_page_preview": false,
        "parse_mode": "Markdown"
    }
},
{
    "model": "editable_messages.tgtextmessage",
    "pk": 238,
    "fields": {
        "protect_content": false,
        "series": 99,
        "message_order": 0,
        "text": "Echo: {{ echo }}",
        "disable_web_page_preview": false,
        "parse_mode": ""
    }
},
{
    "model": "editable_messages.tgtextmessage",
    "pk": 239,
    "fields": {
        "protect_content": false,
        "series": 92,
        "message_order": 0,
        "text": "Вы выбрали: *{{ echo }}*",
        "disable_web_page_preview": false,
        "parse_mode": "Markdown"
    }
},
{
    "model": "editable_messages.tgtextmessage",
    "pk": 240,
    "fields": {
        "protect_content": false,
        "series": 104,
        "message_order": 1,
        "text": "Привет!",
        "disable_web_page_preview": false,
        "parse_mode": ""
    }
},
{
    "model": "editable_messages.tgtextmessage",
    "pk": 241,
    "fields": {
        "protect_content": false,
        "series": 104,
        "message_order": 2,
        "text": "Первая рассылка была запущена. Подождите минуту...",
        "disable_web_page_preview": false,
        "parse_mode": ""
    }
},
{
    "model": "editable_messages.tgtextmessage",
    "pk": 242,
    "fields": {
        "protect_content": false,
        "series": 106,
        "message_order": 0,
        "text": "*📨 2️⃣ Это вторая рассылка!*\r\n\r\nВведите /start для возврата в главное меню",
        "disable_web_page_preview": false,
        "parse_mode": "Markdown"
    }
},
{
    "model": "editable_messages.tgtextmessage",
    "pk": 243,
    "fields": {
        "protect_content": false,
        "series": 107,
        "message_order": 0,
        "text": "Echo: {{ echo }}",
        "disable_web_page_preview": false,
        "parse_mode": ""
    }
},
{
    "model": "editable_messages.tgtextmessage",
    "pk": 244,
    "fields": {
        "protect_content": false,
        "series": 108,
        "message_order": 0,
        "text": "Эхо: {{ echo }}",
        "disable_web_page_preview": false,
        "parse_mode": ""
    }
},
{
    "model": "editable_messages.tgtextmessage",
    "pk": 245,
    "fields": {
        "protect_content": false,
        "series": 110,
        "message_order": 0,
        "text": "Привет!",
        "disable_web_page_preview": false,
        "parse_mode": ""
    }
},
{
    "model": "editable_messages.tgtextmessage",
    "pk": 247,
    "fields": {
        "protect_content": false,
        "series": 100,
        "message_order": 0,
        "text": "Эхо: {{ echo }}",
        "disable_web_page_preview": false,
        "parse_mode": ""
    }
},
{
    "model": "editable_messages.tgtextmessage",
    "pk": 248,
    "fields": {
        "protect_content": false,
        "series": 102,
        "message_order": 0,
        "text": "Запущена вторая рассылка. Подождите  минуту...",
        "disable_web_page_preview": false,
        "parse_mode": ""
    }
},
{
    "model": "editable_messages.tgtextmessage",
    "pk": 249,
    "fields": {
        "protect_content": false,
        "series": 103,
        "message_order": 1,
        "text": "Welcome!",
        "disable_web_page_preview": false,
        "parse_mode": ""
    }
},
{
    "model": "editable_messages.tgtextmessage",
    "pk": 250,
    "fields": {
        "protect_content": false,
        "series": 103,
        "message_order": 2,
        "text": "First mailing was triggered. Wait for a minute...",
        "disable_web_page_preview": false,
        "parse_mode": ""
    }
},
{
    "model": "editable_messages.tgtextmessage",
    "pk": 251,
    "fields": {
        "protect_content": false,
        "series": 94,
        "message_order": 0,
        "text": "*📨 1️⃣ Это первая рассылка!*\r\n\r\nВыберите подходящий вариант:",
        "disable_web_page_preview": false,
        "parse_mode": "Markdown"
    }
},
{
    "model": "editable_messages.tgtextmessage",
    "pk": 252,
    "fields": {
        "protect_content": false,
        "series": 91,
        "message_order": 0,
        "text": "Your choice is: {{ choice }}",
        "disable_web_page_preview": false,
        "parse_mode": ""
    }
}
]
